PASS	the Terms prompt shows on the next visit
PASS	the name prompt waits behind it
PASS	Continue is blocked until ticked
PASS	there is no close button
PASS	Escape does not dismiss it
PASS	clicking outside does not dismiss it
PASS	Continue unblocks once ticked
PASS	accepting asks the database once
PASS	the client sent only the version, no time
PASS	the client wrote nothing to profiles itself
PASS	one record of the current version, stamped by the server side
PASS	the Terms prompt is gone
PASS	the name prompt follows, once
PASS	no horizontal scroll
PASS	no page errors
PASS	not asked again on the next visit
PASS	a record of only an older version asks again
PASS	an account with a record of the current version is never asked
