01-landing	horizontal overflow 0px
02-home	horizontal overflow 0px
03-discover	horizontal overflow 0px
04-shelf-own	horizontal overflow 0px
05-shelf-other	horizontal overflow 0px
06-pursuit	horizontal overflow 0px
07-log-from-nav	horizontal overflow 0px
08-log-from-pursuit	horizontal overflow 0px
09-log-from-corner	horizontal overflow 0px
10-log-saved	horizontal overflow 0px
11-space	horizontal overflow 0px
12-search-results	horizontal overflow 0px
13-search-none	horizontal overflow 0px
14-messages	horizontal overflow 0px
15-notifications	horizontal overflow 0px
16-settings	horizontal overflow 0px
17-empty-state	horizontal overflow 0px
18-error-state	horizontal overflow 0px
